take,tap
take,spoon
take,plate
take,cupboard
take,knife
take,pan
take,lid
take,bowl
take,drawer
take,sponge
take,glass
take,hand
take,fridge
take,cup
take,fork
take,bottle
take,onion
take,cloth
take,board:chopping
take,bag
take,spatula
take,container
take,liquid:washing
take,box
take,hob
take,dough
take,package
take,water
take,meat
take,pot
take,potato
take,oil
take,cheese
take,bread
take,food
take,tray
take,bin
take,pepper
take,salt
take,colander
take,jar
take,carrot
take,top
take,tomato
take,kettle
take,pasta
take,oven
take,sauce
take,skin
take,paper
take,maker:coffee
take,garlic
take,towel
take,egg
take,rubbish
take,rice
take,mushroom
take,chicken
take,cutlery
take,coffee
take,glove
take,can
take,leaf
take,sink
take,milk
take,jug
take,aubergine
take,salad
take,chilli
take,dishwasher
take,mixture
take,cucumber
take,clothes
take,peach
take,flour
take,courgette
take,filter
take,butter
take,scissors
take,chopstick
take,tofu
take,blender
take,olive
take,mat
take,spice
take,sausage
take,peeler:potato
take,napkin
take,cover
take,pizza
take,towel:kitchen
take,vegetable
take,stock
take,grater
take,ladle
take,yoghurt
take,cereal
take,wrap:plastic
take,broccoli
take,sugar
take,brush
take,biscuit
take,lemon
take,juicer
take,wrap
take,scale
take,rest
take,rack:drying
take,alarm
take,salmon
take,freezer
take,spreads
take,squash
take,leek
take,cap
take,fish
take,lettuce
take,curry
take,seed
take,foil
take,corn
take,soup
take,oatmeal
take,onion:spring
take,clip
take,lighter
take,ginger
take,tea
take,nut
take,vinegar
take,holder
take,pin:rolling
take,pie
take,powder
take,burger
take,book
take,shell:egg
take,tongs
take,cream
take,pork
take,oregano
take,banana
take,processor:food
take,paste
take,recipe
take,liquid
take,choi:pak
take,cooker:slow
take,plug
take,utensil
take,noodle
take,salami
take,kitchen
take,teapot
take,floor
take,tuna
take,lime
take,omelette
take,bacon
take,sandwich
take,phone
take,thermometer
take,orange
take,basket
take,parsley
take,spinner:salad
take,tablet
take,presser
take,coriander
take,opener:bottle
take,cake
take,avocado
take,lentil
take,blueberry
take,cellar:salt
take,hummus
take,chair
take,juice
take,pancake
take,bean:green
take,toaster
take,apple
take,chocolate
take,ice
take,wine
take,pea
take,yeast
take,coconut
take,fishcakes
take,spinach
take,apron
take,raisin
take,basil
take,grape
take,kale
take,wire
take,asparagus
take,paprika
take,mango
take,caper
take,drink
take,stalk
take,turmeric
take,whetstone
take,kiwi
take,thyme
take,finger:lady
take,beef
take,whisk
take,blackberry
take,slicer
take,control:remote
take,celery
take,cabbage
take,hoover
take,breadstick
take,roll
take,cocktail
take,crisp
take,ladder
take,beer
take,pan:dust
take,battery
take,powder:washing
take,backpack
take,cumin
take,cutter:pizza
take,pear
take,quorn
take,funnel
take,strawberry
take,almond
take,tv
take,scotch:egg
take,straw
take,stand
take,machine:sous:vide
take,masher
take,guard:hand
take,shrimp
take,fruit
take,cork
take,cherry
take,mat:sushi
take,ring:onion
take,pestle
take,gin
take,bar
take,mint
take,grass:lemon
take,rubber
take,breadcrumb
take,watch
take,melon
take,rosemary
take,syrup
take,candle
take,pineapple
take,sheets
take,soda
take,raspberry
take,turkey
take,plum
take,cd
put,tap
put,spoon
put,plate
put,cupboard
put,knife
put,pan
put,lid
put,bowl
put,drawer
put,sponge
put,glass
put,fridge
put,cup
put,fork
put,bottle
put,onion
put,cloth
put,board:chopping
put,bag
put,spatula
put,container
put,liquid:washing
put,box
put,hob
put,dough
put,package
put,water
put,meat
put,pot
put,potato
put,oil
put,cheese
put,bread
put,food
put,tray
put,bin
put,pepper
put,salt
put,colander
put,jar
put,carrot
put,top
put,tomato
put,kettle
put,pasta
put,oven
put,sauce
put,skin
put,paper
put,maker:coffee
put,garlic
put,towel
put,egg
put,rubbish
put,rice
put,mushroom
put,chicken
put,cutlery
put,coffee
put,glove
put,can
put,leaf
put,sink
put,milk
put,jug
put,aubergine
put,salad
put,chilli
put,dishwasher
put,mixture
put,cucumber
put,clothes
put,peach
put,flour
put,courgette
put,filter
put,butter
put,scissors
put,chopstick
put,tofu
put,blender
put,olive
put,mat
put,spice
put,sausage
put,peeler:potato
put,napkin
put,cover
put,pizza
put,towel:kitchen
put,vegetable
put,stock
put,grater
put,ladle
put,yoghurt
put,cereal
put,wrap:plastic
put,broccoli
put,sugar
put,brush
put,biscuit
put,lemon
put,juicer
put,wrap
put,scale
put,rest
put,rack:drying
put,alarm
put,salmon
put,freezer
put,light
put,spreads
put,squash
put,leek
put,cap
put,fish
put,lettuce
put,curry
put,seed
put,foil
put,machine:washing
put,corn
put,soup
put,oatmeal
put,onion:spring
put,clip
put,lighter
put,ginger
put,tea
put,nut
put,vinegar
put,holder
put,pin:rolling
put,pie
put,powder
put,burger
put,book
put,shell:egg
put,tongs
put,cream
put,pork
put,oregano
put,banana
put,processor:food
put,paste
put,recipe
put,liquid
put,choi:pak
put,cooker:slow
put,plug
put,utensil
put,noodle
put,salami
put,teapot
put,floor
put,tuna
put,lime
put,omelette
put,bacon
put,sandwich
put,phone
put,thermometer
put,orange
put,basket
put,parsley
put,spinner:salad
put,tablet
put,presser
put,coriander
put,opener:bottle
put,cake
put,avocado
put,lentil
put,blueberry
put,cellar:salt
put,hummus
put,chair
put,juice
put,pancake
put,bean:green
put,toaster
put,apple
put,chocolate
put,wine
put,pea
put,yeast
put,coconut
put,fishcakes
put,spinach
put,apron
put,raisin
put,basil
put,grape
put,kale
put,paprika
put,mango
put,caper
put,drink
put,turmeric
put,whetstone
put,kiwi
put,bean
put,thyme
put,finger:lady
put,beef
put,whisk
put,blackberry
put,slicer
put,control:remote
put,label
put,celery
put,cabbage
put,hoover
put,breadstick
put,roll
put,cocktail
put,crisp
put,ladder
put,beer
put,pan:dust
put,battery
put,powder:washing
put,backpack
put,cumin
put,cutter:pizza
put,pear
put,quorn
put,funnel
put,almond
put,scotch:egg
put,shelf
put,straw
put,stand
put,machine:sous:vide
put,masher
put,guard:hand
put,fruit
put,cork
put,sprout
put,mat:sushi
put,ring:onion
put,pestle
put,gin
put,bar
put,mint
put,heater
put,rubber
put,watch
put,melon
put,dumpling
put,rosemary
put,syrup
put,candle
put,pineapple
put,sheets
put,soda
put,turkey
put,pen
put,plum
wash,tap
wash,spoon
wash,plate
wash,cupboard
wash,knife
wash,pan
wash,lid
wash,bowl
wash,sponge
wash,glass
wash,hand
wash,fridge
wash,cup
wash,fork
wash,bottle
wash,onion
wash,cloth
wash,board:chopping
wash,bag
wash,spatula
wash,container
wash,liquid:washing
wash,box
wash,hob
wash,dough
wash,package
wash,water
wash,meat
wash,pot
wash,potato
wash,oil
wash,bread
wash,food
wash,tray
wash,bin
wash,pepper
wash,colander
wash,jar
wash,carrot
wash,top
wash,tomato
wash,kettle
wash,oven
wash,sauce
wash,paper
wash,maker:coffee
wash,garlic
wash,towel
wash,egg
wash,rubbish
wash,rice
wash,mushroom
wash,chicken
wash,cutlery
wash,coffee
wash,glove
wash,can
wash,leaf
wash,sink
wash,milk
wash,jug
wash,aubergine
wash,salad
wash,chilli
wash,mixture
wash,cucumber
wash,clothes
wash,peach
wash,flour
wash,courgette
wash,filter
wash,butter
wash,scissors
wash,chopstick
wash,tofu
wash,blender
wash,mat
wash,peeler:potato
wash,napkin
wash,cover
wash,microwave
wash,towel:kitchen
wash,vegetable
wash,grater
wash,ladle
wash,broccoli
wash,brush
wash,juicer
wash,rest
wash,rack:drying
wash,leek
wash,cap
wash,fish
wash,lettuce
wash,seed
wash,corn
wash,onion:spring
wash,clip
wash,ginger
wash,nut
wash,holder
wash,pin:rolling
wash,tongs
wash,oregano
wash,processor:food
wash,recipe
wash,liquid
wash,choi:pak
wash,plug
wash,utensil
wash,kitchen
wash,teapot
wash,floor
wash,lime
wash,thermometer
wash,basket
wash,parsley
wash,spinner:salad
wash,presser
wash,coriander
wash,opener:bottle
wash,lentil
wash,blueberry
wash,bean:green
wash,apple
wash,handle
wash,spinach
wash,grape
wash,asparagus
wash,mango
wash,caper
wash,whetstone
wash,finger:lady
wash,whisk
wash,blackberry
wash,slicer
wash,celery
wash,cabbage
wash,cocktail
wash,cutter:pizza
wash,pear
wash,funnel
wash,wall
wash,strawberry
wash,shelf
wash,straw
wash,stand
wash,masher
wash,guard:hand
wash,shrimp
wash,fruit
wash,cork
wash,pestle
wash,raspberry
open,tap
open,spoon
open,plate
open,cupboard
open,knife
open,pan
open,lid
open,bowl
open,drawer
open,fridge
open,fork
open,bottle
open,bag
open,container
open,liquid:washing
open,box
open,hob
open,package
open,meat
open,pot
open,potato
open,oil
open,cheese
open,bread
open,tray
open,bin
open,pepper
open,salt
open,jar
open,carrot
open,top
open,tomato
open,kettle
open,pasta
open,oven
open,sauce
open,paper
open,maker:coffee
open,garlic
open,egg
open,rubbish
open,rice
open,mushroom
open,chicken
open,coffee
open,can
open,leaf
open,sink
open,milk
open,heat
open,jug
open,salad
open,chilli
open,dishwasher
open,mixture
open,cucumber
open,flour
open,courgette
open,filter
open,butter
open,scissors
open,tofu
open,blender
open,olive
open,mat
open,spice
open,sausage
open,cover
open,microwave
open,pizza
open,stock
open,yoghurt
open,cereal
open,wrap:plastic
open,sugar
open,biscuit
open,wrap
open,rack:drying
open,salmon
open,freezer
open,light
open,spreads
open,squash
open,leek
open,cap
open,lettuce
open,foil
open,machine:washing
open,corn
open,oatmeal
open,onion:spring
open,ginger
open,tea
open,vinegar
open,powder
open,book
open,tongs
open,oregano
open,processor:food
open,paste
open,cooker:slow
open,salami
open,teapot
open,tuna
open,bacon
open,sandwich
open,basket
open,tablet
open,presser
open,cake
open,avocado
open,blueberry
open,fan:extractor
open,hummus
open,juice
open,pancake
open,wine
open,pea
open,yeast
open,coconut
open,fishcakes
open,spinach
open,raisin
open,grape
open,kale
open,paprika
open,drink
open,turmeric
open,thyme
open,blackberry
open,roll
open,ladder
open,battery
open,backpack
open,almond
open,shrimp
open,artichoke
open,window
open,rosemary
open,raspberry
open,door:kitchen
close,tap
close,plate
close,cupboard
close,pan
close,lid
close,bowl
close,drawer
close,glass
close,fridge
close,cup
close,bottle
close,bag
close,container
close,liquid:washing
close,box
close,hob
close,package
close,pot
close,oil
close,bread
close,bin
close,pepper
close,salt
close,jar
close,top
close,kettle
close,pasta
close,oven
close,sauce
close,paper
close,maker:coffee
close,garlic
close,rubbish
close,rice
close,mushroom
close,coffee
close,can
close,leaf
close,sink
close,milk
close,heat
close,jug
close,salad
close,chilli
close,dishwasher
close,flour
close,butter
close,blender
close,olive
close,mat
close,spice
close,cover
close,microwave
close,stock
close,yoghurt
close,cereal
close,wrap:plastic
close,sugar
close,wrap
close,scale
close,freezer
close,spreads
close,squash
close,cap
close,machine:washing
close,corn
close,oatmeal
close,clip
close,tea
close,vinegar
close,holder
close,powder
close,burger
close,book
close,tongs
close,oregano
close,processor:food
close,paste
close,cooker:slow
close,plug
close,salami
close,teapot
close,sandwich
close,phone
close,basket
close,tablet
close,presser
close,blueberry
close,fan:extractor
close,hummus
close,juice
close,pancake
close,toaster
close,wine
close,paprika
close,drink
close,turmeric
close,blackberry
close,ladder
close,almond
close,rosemary
close,door:kitchen
insert,tap
insert,spoon
insert,plate
insert,cupboard
insert,knife
insert,pan
insert,lid
insert,bowl
insert,drawer
insert,sponge
insert,glass
insert,hand
insert,fridge
insert,cup
insert,fork
insert,bottle
insert,onion
insert,cloth
insert,board:chopping
insert,bag
insert,spatula
insert,container
insert,liquid:washing
insert,box
insert,hob
insert,dough
insert,package
insert,water
insert,meat
insert,pot
insert,potato
insert,oil
insert,cheese
insert,bread
insert,food
insert,tray
insert,bin
insert,pepper
insert,salt
insert,colander
insert,jar
insert,carrot
insert,top
insert,tomato
insert,pasta
insert,oven
insert,sauce
insert,skin
insert,paper
insert,maker:coffee
insert,garlic
insert,towel
insert,egg
insert,rubbish
insert,rice
insert,mushroom
insert,chicken
insert,cutlery
insert,coffee
insert,glove
insert,can
insert,leaf
insert,sink
insert,milk
insert,jug
insert,aubergine
insert,salad
insert,chilli
insert,dishwasher
insert,mixture
insert,cucumber
insert,clothes
insert,flour
insert,courgette
insert,filter
insert,butter
insert,scissors
insert,chopstick
insert,tofu
insert,blender
insert,olive
insert,spice
insert,sausage
insert,peeler:potato
insert,napkin
insert,cover
insert,microwave
insert,pizza
insert,towel:kitchen
insert,vegetable
insert,stock
insert,grater
insert,ladle
insert,yoghurt
insert,cereal
insert,wrap:plastic
insert,broccoli
insert,sugar
insert,brush
insert,biscuit
insert,lemon
insert,juicer
insert,wrap
insert,scale
insert,rest
insert,rack:drying
insert,salmon
insert,freezer
insert,spreads
insert,squash
insert,leek
insert,cap
insert,fish
insert,lettuce
insert,curry
insert,seed
insert,foil
insert,corn
insert,oatmeal
insert,onion:spring
insert,clip
insert,ginger
insert,tea
insert,nut
insert,vinegar
insert,holder
insert,pin:rolling
insert,pie
insert,powder
insert,burger
insert,shell:egg
insert,tongs
insert,cream
insert,pork
insert,oregano
insert,banana
insert,processor:food
insert,paste
insert,liquid
insert,choi:pak
insert,cooker:slow
insert,plug
insert,utensil
insert,noodle
insert,salami
insert,teapot
insert,lime
insert,omelette
insert,bacon
insert,sandwich
insert,phone
insert,thermometer
insert,basket
insert,parsley
insert,spinner:salad
insert,tablet
insert,presser
insert,coriander
insert,opener:bottle
insert,avocado
insert,blueberry
insert,cellar:salt
insert,hummus
insert,juice
insert,pancake
insert,bean:green
insert,toaster
insert,apple
insert,chocolate
insert,ice
insert,pea
insert,yeast
insert,coconut
insert,fishcakes
insert,spinach
insert,raisin
insert,grape
insert,kale
insert,wire
insert,asparagus
insert,paprika
insert,mango
insert,caper
insert,drink
insert,stalk
insert,turmeric
insert,bean
insert,thyme
insert,beef
insert,whisk
insert,celery
insert,cabbage
insert,breadstick
insert,roll
insert,cocktail
insert,crisp
insert,beer
insert,pan:dust
insert,battery
insert,powder:washing
insert,cumin
insert,cutter:pizza
insert,funnel
insert,wall
insert,strawberry
insert,shelf
insert,stand
insert,machine:sous:vide
insert,shrimp
insert,fruit
insert,artichoke
insert,cherry
insert,sprout
insert,mat:sushi
insert,ring:onion
insert,bar
insert,mint
insert,grass:lemon
insert,rubber
insert,breadcrumb
insert,cinnamon
insert,dumpling
turn-on,tap
turn-on,plate
turn-on,pan
turn-on,lid
turn-on,bottle
turn-on,liquid:washing
turn-on,hob
turn-on,water
turn-on,meat
turn-on,top
turn-on,tomato
turn-on,kettle
turn-on,oven
turn-on,maker:coffee
turn-on,coffee
turn-on,heat
turn-on,dishwasher
turn-on,blender
turn-on,microwave
turn-on,button
turn-on,scale
turn-on,alarm
turn-on,light
turn-on,machine:washing
turn-on,lighter
turn-on,processor:food
turn-on,cooker:slow
turn-on,plug
turn-on,phone
turn-on,fan:extractor
turn-on,toaster
turn-on,knob
turn-on,hoover
turn-on,air
turn-on,tv
turn-on,machine:sous:vide
turn-on,heater
turn-on,candle
cut,plate
cut,knife
cut,bowl
cut,fork
cut,onion
cut,board:chopping
cut,bag
cut,container
cut,liquid:washing
cut,hob
cut,dough
cut,package
cut,meat
cut,potato
cut,cheese
cut,bread
cut,pepper
cut,carrot
cut,top
cut,tomato
cut,pasta
cut,sauce
cut,skin
cut,paper
cut,garlic
cut,rubbish
cut,mushroom
cut,chicken
cut,coffee
cut,leaf
cut,aubergine
cut,salad
cut,chilli
cut,cucumber
cut,peach
cut,courgette
cut,butter
cut,tofu
cut,olive
cut,sausage
cut,cover
cut,pizza
cut,vegetable
cut,stock
cut,wrap:plastic
cut,broccoli
cut,brush
cut,lemon
cut,wrap
cut,squash
cut,leek
cut,fish
cut,lettuce
cut,curry
cut,seed
cut,foil
cut,corn
cut,onion:spring
cut,ginger
cut,nut
cut,pork
cut,banana
cut,choi:pak
cut,noodle
cut,salami
cut,tuna
cut,lime
cut,omelette
cut,bacon
cut,sandwich
cut,orange
cut,parsley
cut,tablet
cut,coriander
cut,cake
cut,avocado
cut,bean:green
cut,apple
cut,chocolate
cut,pith
cut,asparagus
cut,mango
cut,caper
cut,stalk
cut,kiwi
cut,finger:lady
cut,beef
cut,celery
cut,cabbage
cut,pear
cut,scotch:egg
cut,shrimp
cut,artichoke
cut,stick:crab
cut,mint
cut,grass:lemon
cut,melon
cut,pineapple
turn-off,tap
turn-off,pan
turn-off,lid
turn-off,hob
turn-off,water
turn-off,pot
turn-off,bread
turn-off,top
turn-off,kettle
turn-off,oven
turn-off,maker:coffee
turn-off,rubbish
turn-off,coffee
turn-off,heat
turn-off,dishwasher
turn-off,blender
turn-off,microwave
turn-off,button
turn-off,scale
turn-off,alarm
turn-off,light
turn-off,machine:washing
turn-off,processor:food
turn-off,cooker:slow
turn-off,phone
turn-off,fan:extractor
turn-off,toaster
turn-off,knob
turn-off,hoover
turn-off,air
turn-off,heater
pour,spoon
pour,plate
pour,pan
pour,bowl
pour,glass
pour,cup
pour,bottle
pour,onion
pour,bag
pour,container
pour,liquid:washing
pour,box
pour,package
pour,water
pour,meat
pour,pot
pour,potato
pour,oil
pour,cheese
pour,food
pour,tray
pour,bin
pour,pepper
pour,salt
pour,jar
pour,carrot
pour,tomato
pour,kettle
pour,pasta
pour,sauce
pour,garlic
pour,towel
pour,egg
pour,rubbish
pour,rice
pour,mushroom
pour,chicken
pour,coffee
pour,leaf
pour,sink
pour,milk
pour,aubergine
pour,salad
pour,chilli
pour,mixture
pour,flour
pour,courgette
pour,butter
pour,tofu
pour,olive
pour,spice
pour,sausage
pour,towel:kitchen
pour,vegetable
pour,stock
pour,yoghurt
pour,cereal
pour,broccoli
pour,sugar
pour,biscuit
pour,lemon
pour,spreads
pour,squash
pour,leek
pour,lettuce
pour,curry
pour,seed
pour,corn
pour,soup
pour,oatmeal
pour,onion:spring
pour,ginger
pour,tea
pour,nut
pour,vinegar
pour,powder
pour,cream
pour,oregano
pour,liquid
pour,noodle
pour,omelette
pour,bacon
pour,parsley
pour,lentil
pour,blueberry
pour,juice
pour,bean:green
pour,chocolate
pour,wine
pour,pea
pour,yeast
pour,coconut
pour,fishcakes
pour,raisin
pour,kale
pour,paprika
pour,caper
pour,drink
pour,bean
pour,thyme
pour,celery
pour,beer
pour,pan:dust
pour,powder:washing
pour,almond
pour,cherry
pour,gin
pour,grass:lemon
pour,cinnamon
pour,syrup
pour,raspberry
pour,extract:vanilla
mix,spoon
mix,knife
mix,pan
mix,bowl
mix,fridge
mix,cup
mix,onion
mix,spatula
mix,dough
mix,water
mix,meat
mix,pot
mix,potato
mix,oil
mix,cheese
mix,bread
mix,food
mix,pepper
mix,salt
mix,carrot
mix,tomato
mix,pasta
mix,sauce
mix,maker:coffee
mix,garlic
mix,egg
mix,rice
mix,mushroom
mix,chicken
mix,coffee
mix,leaf
mix,milk
mix,heat
mix,aubergine
mix,salad
mix,chilli
mix,mixture
mix,cucumber
mix,flour
mix,courgette
mix,butter
mix,chopstick
mix,tofu
mix,spice
mix,sausage
mix,vegetable
mix,stock
mix,yoghurt
mix,cereal
mix,broccoli
mix,sugar
mix,biscuit
mix,salmon
mix,spreads
mix,squash
mix,leek
mix,fish
mix,lettuce
mix,curry
mix,corn
mix,soup
mix,oatmeal
mix,onion:spring
mix,ginger
mix,tea
mix,nut
mix,powder
mix,cream
mix,paste
mix,liquid
mix,cooker:slow
mix,noodle
mix,tuna
mix,omelette
mix,bacon
mix,coriander
mix,blueberry
mix,juice
mix,pea
mix,coconut
mix,spinach
mix,kale
mix,drink
mix,thyme
mix,beef
mix,cabbage
mix,quorn
mix,shrimp
mix,cherry
mix,sprout
mix,breadcrumb
mix,cinnamon
mix,dumpling
move,tap
move,spoon
move,plate
move,cupboard
move,knife
move,pan
move,lid
move,bowl
move,drawer
move,sponge
move,glass
move,hand
move,fridge
move,cup
move,fork
move,bottle
move,onion
move,cloth
move,board:chopping
move,bag
move,spatula
move,container
move,liquid:washing
move,box
move,hob
move,dough
move,package
move,water
move,meat
move,pot
move,potato
move,oil
move,cheese
move,bread
move,food
move,tray
move,bin
move,pepper
move,salt
move,colander
move,jar
move,carrot
move,top
move,tomato
move,kettle
move,pasta
move,oven
move,sauce
move,skin
move,paper
move,maker:coffee
move,garlic
move,towel
move,egg
move,rubbish
move,rice
move,mushroom
move,chicken
move,cutlery
move,coffee
move,glove
move,can
move,milk
move,jug
move,aubergine
move,salad
move,chilli
move,mixture
move,cucumber
move,clothes
move,peach
move,flour
move,courgette
move,filter
move,butter
move,scissors
move,chopstick
move,tofu
move,blender
move,olive
move,mat
move,spice
move,sausage
move,peeler:potato
move,napkin
move,cover
move,pizza
move,towel:kitchen
move,vegetable
move,stock
move,grater
move,ladle
move,yoghurt
move,cereal
move,wrap:plastic
move,broccoli
move,sugar
move,brush
move,biscuit
move,lemon
move,juicer
move,wrap
move,scale
move,rest
move,rack:drying
move,fish
move,curry
move,foil
move,machine:washing
move,corn
move,clip
move,vinegar
move,holder
move,pin:rolling
move,pie
move,book
move,pork
move,processor:food
move,paste
move,recipe
move,choi:pak
move,cooker:slow
move,plug
move,utensil
move,salami
move,teapot
move,floor
move,tuna
move,lime
move,omelette
move,sandwich
move,thermometer
move,basket
move,spinner:salad
move,tablet
move,presser
move,opener:bottle
move,blueberry
move,chair
move,chocolate
move,handle
move,wine
move,yeast
move,kale
move,wire
move,slicer
move,control:remote
move,cocktail
move,battery
move,funnel
move,strawberry
move,shelf
move,stand
move,shrimp
move,cherry
move,bar
move,sheets
move,airer
move,computer
move,pen
move,cd
remove,spoon
remove,plate
remove,cupboard
remove,knife
remove,pan
remove,lid
remove,bowl
remove,drawer
remove,sponge
remove,glass
remove,hand
remove,fridge
remove,cup
remove,bottle
remove,onion
remove,board:chopping
remove,bag
remove,container
remove,box
remove,hob
remove,dough
remove,package
remove,water
remove,meat
remove,pot
remove,potato
remove,oil
remove,cheese
remove,bread
remove,food
remove,tray
remove,bin
remove,pepper
remove,salt
remove,colander
remove,jar
remove,carrot
remove,top
remove,tomato
remove,kettle
remove,pasta
remove,sauce
remove,skin
remove,paper
remove,maker:coffee
remove,garlic
remove,towel
remove,egg
remove,rubbish
remove,rice
remove,chicken
remove,coffee
remove,glove
remove,can
remove,leaf
remove,milk
remove,jug
remove,aubergine
remove,salad
remove,chilli
remove,dishwasher
remove,mixture
remove,cucumber
remove,clothes
remove,peach
remove,flour
remove,courgette
remove,filter
remove,butter
remove,scissors
remove,chopstick
remove,tofu
remove,blender
remove,olive
remove,mat
remove,spice
remove,sausage
remove,cover
remove,microwave
remove,pizza
remove,towel:kitchen
remove,vegetable
remove,stock
remove,yoghurt
remove,cereal
remove,wrap:plastic
remove,broccoli
remove,sugar
remove,brush
remove,biscuit
remove,wrap
remove,scale
remove,rest
remove,salmon
remove,light
remove,spreads
remove,leek
remove,cap
remove,fish
remove,lettuce
remove,seed
remove,foil
remove,machine:washing
remove,corn
remove,oatmeal
remove,onion:spring
remove,clip
remove,ginger
remove,tea
remove,holder
remove,burger
remove,shell:egg
remove,cream
remove,oregano
remove,banana
remove,processor:food
remove,choi:pak
remove,cooker:slow
remove,plug
remove,noodle
remove,floor
remove,tuna
remove,lime
remove,phone
remove,thermometer
remove,basket
remove,tablet
remove,coriander
remove,opener:bottle
remove,avocado
remove,blueberry
remove,pancake
remove,bean:green
remove,toaster
remove,apple
remove,ice
remove,wine
remove,pith
remove,yeast
remove,fishcakes
remove,spinach
remove,apron
remove,raisin
remove,grape
remove,kale
remove,wire
remove,paprika
remove,stalk
remove,whetstone
remove,whisk
remove,label
remove,breadstick
remove,cocktail
remove,ladder
remove,shelf
remove,straw
remove,artichoke
remove,cork
remove,cherry
remove,sprout
remove,stick:crab
remove,rubber
remove,watch
remove,dumpling
throw,tap
throw,spoon
throw,plate
throw,pan
throw,lid
throw,bowl
throw,sponge
throw,glass
throw,cup
throw,bottle
throw,onion
throw,cloth
throw,bag
throw,container
throw,box
throw,package
throw,water
throw,meat
throw,pot
throw,potato
throw,oil
throw,cheese
throw,bread
throw,food
throw,bin
throw,pepper
throw,colander
throw,jar
throw,carrot
throw,top
throw,tomato
throw,kettle
throw,pasta
throw,skin
throw,paper
throw,garlic
throw,towel
throw,egg
throw,rubbish
throw,rice
throw,chicken
throw,coffee
throw,glove
throw,can
throw,leaf
throw,sink
throw,aubergine
throw,salad
throw,chilli
throw,cucumber
throw,peach
throw,flour
throw,courgette
throw,filter
throw,butter
throw,sausage
throw,napkin
throw,cover
throw,towel:kitchen
throw,stock
throw,grater
throw,wrap:plastic
throw,broccoli
throw,sugar
throw,biscuit
throw,lemon
throw,wrap
throw,rest
throw,squash
throw,leek
throw,cap
throw,seed
throw,foil
throw,onion:spring
throw,tea
throw,shell:egg
throw,choi:pak
throw,coriander
throw,pancake
throw,bean:green
throw,ice
throw,apron
throw,kale
throw,cocktail
throw,pan:dust
throw,backpack
throw,pear
throw,cork
throw,rubber
dry,spoon
dry,plate
dry,knife
dry,pan
dry,lid
dry,bowl
dry,sponge
dry,glass
dry,hand
dry,cup
dry,fork
dry,cloth
dry,board:chopping
dry,spatula
dry,container
dry,box
dry,hob
dry,pot
dry,food
dry,tray
dry,colander
dry,jar
dry,top
dry,tomato
dry,maker:coffee
dry,cutlery
dry,glove
dry,sink
dry,jug
dry,cucumber
dry,peach
dry,filter
dry,scissors
dry,blender
dry,peeler:potato
dry,ladle
dry,juicer
dry,rest
dry,rack:drying
dry,leek
dry,clip
dry,holder
dry,book
dry,utensil
dry,salami
dry,kitchen
dry,teapot
dry,floor
dry,lime
dry,thermometer
dry,spinner:salad
dry,apple
dry,cocktail
dry,stand
dry,guard:hand
shake,spoon
shake,plate
shake,knife
shake,pan
shake,lid
shake,bowl
shake,glass
shake,hand
shake,cup
shake,fork
shake,bottle
shake,onion
shake,cloth
shake,board:chopping
shake,bag
shake,spatula
shake,container
shake,liquid:washing
shake,box
shake,hob
shake,dough
shake,package
shake,water
shake,pot
shake,potato
shake,cheese
shake,food
shake,tray
shake,pepper
shake,salt
shake,colander
shake,jar
shake,tomato
shake,pasta
shake,sauce
shake,maker:coffee
shake,towel
shake,egg
shake,rubbish
shake,rice
shake,chicken
shake,cutlery
shake,coffee
shake,glove
shake,can
shake,milk
shake,jug
shake,salad
shake,cucumber
shake,peach
shake,courgette
shake,filter
shake,scissors
shake,chopstick
shake,blender
shake,mat
shake,peeler:potato
shake,cover
shake,vegetable
shake,grater
shake,brush
shake,rest
shake,rack:drying
shake,salmon
shake,leek
shake,fish
shake,corn
shake,oatmeal
shake,liquid
shake,thermometer
shake,spinner:salad
shake,coriander
shake,opener:bottle
shake,juice
shake,apple
shake,caper
shake,drink
shake,whetstone
shake,blackberry
shake,slicer
shake,air
shake,straw
shake,stand
shake,shrimp
scoop,spoon
scoop,pan
scoop,onion
scoop,container
scoop,dough
scoop,water
scoop,meat
scoop,potato
scoop,oil
scoop,cheese
scoop,food
scoop,pepper
scoop,salt
scoop,carrot
scoop,tomato
scoop,pasta
scoop,sauce
scoop,garlic
scoop,egg
scoop,rubbish
scoop,rice
scoop,chicken
scoop,coffee
scoop,leaf
scoop,milk
scoop,chilli
scoop,mixture
scoop,cucumber
scoop,flour
scoop,butter
scoop,tofu
scoop,spice
scoop,vegetable
scoop,stock
scoop,yoghurt
scoop,sugar
scoop,biscuit
scoop,lemon
scoop,salmon
scoop,spreads
scoop,squash
scoop,corn
scoop,soup
scoop,oatmeal
scoop,tea
scoop,nut
scoop,powder
scoop,burger
scoop,shell:egg
scoop,cream
scoop,pork
scoop,oregano
scoop,paste
scoop,liquid
scoop,coriander
scoop,avocado
scoop,blueberry
scoop,yeast
scoop,kiwi
scoop,thyme
scoop,powder:washing
scoop,almond
scoop,cinnamon
adjust,tap
adjust,plate
adjust,knife
adjust,pan
adjust,lid
adjust,bowl
adjust,cup
adjust,fork
adjust,bottle
adjust,board:chopping
adjust,bag
adjust,container
adjust,box
adjust,hob
adjust,package
adjust,water
adjust,meat
adjust,pot
adjust,potato
adjust,bread
adjust,tray
adjust,colander
adjust,top
adjust,oven
adjust,paper
adjust,maker:coffee
adjust,towel
adjust,rice
adjust,coffee
adjust,glove
adjust,leaf
adjust,heat
adjust,aubergine
adjust,clothes
adjust,chopstick
adjust,tofu
adjust,blender
adjust,mat
adjust,ladle
adjust,broccoli
adjust,scale
adjust,alarm
adjust,salmon
adjust,light
adjust,leek
adjust,foil
adjust,machine:washing
adjust,book
adjust,pork
adjust,cooker:slow
adjust,sandwich
adjust,phone
adjust,thermometer
adjust,fan:extractor
adjust,chair
adjust,juice
adjust,knob
adjust,handle
adjust,fishcakes
adjust,tv
adjust,straw
adjust,camera
squeeze,spoon
squeeze,sponge
squeeze,hand
squeeze,bottle
squeeze,cloth
squeeze,bag
squeeze,liquid:washing
squeeze,box
squeeze,dough
squeeze,package
squeeze,water
squeeze,cheese
squeeze,bread
squeeze,pepper
squeeze,salt
squeeze,tomato
squeeze,pasta
squeeze,sauce
squeeze,paper
squeeze,maker:coffee
squeeze,garlic
squeeze,towel
squeeze,rice
squeeze,can
squeeze,mixture
squeeze,butter
squeeze,sausage
squeeze,napkin
squeeze,towel:kitchen
squeeze,wrap:plastic
squeeze,lemon
squeeze,wrap
squeeze,spreads
squeeze,lettuce
squeeze,curry
squeeze,burger
squeeze,cream
squeeze,paste
squeeze,liquid
squeeze,tuna
squeeze,lime
squeeze,orange
squeeze,presser
squeeze,juice
squeeze,caper
squeeze,air
squeeze,mat:sushi
peel,lid
peel,onion
peel,dough
peel,package
peel,potato
peel,cheese
peel,carrot
peel,skin
peel,paper
peel,garlic
peel,rice
peel,can
peel,leaf
peel,peach
peel,courgette
peel,sausage
peel,wrap:plastic
peel,salmon
peel,squash
peel,fish
peel,foil
peel,onion:spring
peel,ginger
peel,banana
peel,avocado
peel,label
peel,cabbage
peel,grass:lemon
peel,melon
empty,spoon
empty,plate
empty,pan
empty,bowl
empty,glass
empty,cup
empty,bottle
empty,bag
empty,container
empty,box
empty,dough
empty,package
empty,water
empty,pot
empty,oil
empty,cheese
empty,food
empty,salt
empty,colander
empty,jar
empty,kettle
empty,maker:coffee
empty,egg
empty,rice
empty,mushroom
empty,chicken
empty,coffee
empty,can
empty,sink
empty,milk
empty,jug
empty,dishwasher
empty,flour
empty,courgette
empty,filter
empty,tofu
empty,spice
empty,cover
empty,vegetable
empty,rack:drying
empty,salmon
empty,corn
empty,tea
empty,nut
empty,holder
empty,liquid
empty,cooker:slow
empty,plug
empty,teapot
empty,raisin
empty,pan:dust
press,cupboard
press,lid
press,bowl
press,drawer
press,glass
press,bottle
press,onion
press,bag
press,spatula
press,container
press,dough
press,package
press,meat
press,pot
press,bread
press,food
press,tray
press,bin
press,pepper
press,carrot
press,pasta
press,oven
press,maker:coffee
press,garlic
press,rubbish
press,rice
press,chicken
press,jug
press,dishwasher
press,mixture
press,chopstick
press,tofu
press,button
press,towel:kitchen
press,broccoli
press,biscuit
press,wrap
press,rack:drying
press,alarm
press,salmon
press,leek
press,curry
press,oatmeal
press,paste
press,omelette
press,sandwich
press,orange
press,parsley
press,coriander
press,cake
press,toaster
press,kale
press,battery
press,air
flip,plate
flip,pan
flip,lid
flip,bowl
flip,fridge
flip,board:chopping
flip,dough
flip,package
flip,meat
flip,potato
flip,cheese
flip,bread
flip,food
flip,tray
flip,colander
flip,carrot
flip,maker:coffee
flip,chicken
flip,glove
flip,aubergine
flip,cucumber
flip,tofu
flip,sausage
flip,cover
flip,pizza
flip,wrap
flip,scale
flip,fish
flip,corn
flip,oatmeal
flip,burger
flip,book
flip,tongs
flip,pork
flip,recipe
flip,cooker:slow
flip,omelette
flip,pancake
turn,tap
turn,spoon
turn,plate
turn,knife
turn,pan
turn,lid
turn,bowl
turn,glass
turn,cup
turn,bottle
turn,onion
turn,cloth
turn,board:chopping
turn,container
turn,hob
turn,dough
turn,package
turn,water
turn,meat
turn,potato
turn,cheese
turn,bread
turn,tray
turn,pepper
turn,jar
turn,kettle
turn,pasta
turn,paper
turn,maker:coffee
turn,chicken
turn,can
turn,heat
turn,jug
turn,cucumber
turn,filter
turn,butter
turn,chopstick
turn,tofu
turn,blender
turn,mat
turn,sausage
turn,pizza
turn,button
turn,fish
turn,corn
turn,pin:rolling
turn,tongs
turn,cooker:slow
turn,omelette
turn,thermometer
turn,cake
turn,knob
turn,handle
turn,quorn
turn,tv
turn,ring:onion
check,tap
check,plate
check,cupboard
check,knife
check,pan
check,lid
check,bowl
check,drawer
check,glass
check,hand
check,fridge
check,cup
check,bottle
check,onion
check,board:chopping
check,bag
check,box
check,hob
check,dough
check,package
check,water
check,meat
check,pot
check,potato
check,oil
check,bread
check,food
check,jar
check,top
check,kettle
check,oven
check,sauce
check,paper
check,maker:coffee
check,towel
check,egg
check,rice
check,mushroom
check,chicken
check,coffee
check,leaf
check,sink
check,milk
check,heat
check,jug
check,aubergine
check,dishwasher
check,mixture
check,cucumber
check,clothes
check,flour
check,butter
check,cover
check,microwave
check,pizza
check,juicer
check,wrap
check,alarm
check,fish
check,curry
check,machine:washing
check,ginger
check,nut
check,pie
check,burger
check,book
check,pork
check,recipe
check,cooker:slow
check,plug
check,teapot
check,tuna
check,phone
check,blueberry
check,knob
check,basil
check,paprika
check,mango
check,kiwi
check,cocktail
check,cherry
check,sprout
check,watch
scrape,spoon
scrape,knife
scrape,pan
scrape,bowl
scrape,sponge
scrape,cup
scrape,onion
scrape,board:chopping
scrape,spatula
scrape,dough
scrape,meat
scrape,pot
scrape,cheese
scrape,food
scrape,pepper
scrape,colander
scrape,carrot
scrape,tomato
scrape,sauce
scrape,skin
scrape,garlic
scrape,egg
scrape,rubbish
scrape,rice
scrape,mushroom
scrape,chicken
scrape,coffee
scrape,leaf
scrape,sink
scrape,milk
scrape,salad
scrape,chilli
scrape,mixture
scrape,flour
scrape,butter
scrape,tofu
scrape,spice
scrape,sausage
scrape,vegetable
scrape,stock
scrape,broccoli
scrape,lemon
scrape,salmon
scrape,spreads
scrape,fish
scrape,soup
scrape,cream
scrape,pork
scrape,liquid
scrape,tuna
scrape,hummus
scrape,pea
scrape,pestle
fill,spoon
fill,pan
fill,bowl
fill,glass
fill,cup
fill,bottle
fill,container
fill,box
fill,water
fill,pot
fill,bread
fill,tray
fill,bin
fill,jar
fill,kettle
fill,maker:coffee
fill,can
fill,jug
fill,wrap
fill,squash
fill,liquid
fill,sandwich
fill,roll
apply,plate
apply,bowl
apply,onion
apply,cloth
apply,liquid:washing
apply,dough
apply,water
apply,meat
apply,potato
apply,oil
apply,cheese
apply,bread
apply,salt
apply,tomato
apply,sauce
apply,garlic
apply,egg
apply,rubbish
apply,leaf
apply,mixture
apply,clothes
apply,flour
apply,butter
apply,tofu
apply,olive
apply,spice
apply,vegetable
apply,spreads
apply,foil
apply,nut
apply,book
apply,cream
apply,liquid
apply,hummus
apply,basil
fold,cloth
fold,board:chopping
fold,bag
fold,box
fold,dough
fold,package
fold,cheese
fold,bread
fold,paper
fold,towel
fold,filter
fold,mat
fold,napkin
fold,towel:kitchen
fold,wrap:plastic
fold,wrap
fold,foil
fold,book
fold,salami
fold,yeast
fold,bar
scrub,spoon
scrub,plate
scrub,knife
scrub,pan
scrub,lid
scrub,bowl
scrub,glass
scrub,cup
scrub,fork
scrub,board:chopping
scrub,spatula
scrub,container
scrub,box
scrub,pot
scrub,tray
scrub,colander
scrub,top
scrub,maker:coffee
scrub,cutlery
scrub,can
scrub,sink
scrub,jug
scrub,scissors
scrub,grater
scrub,juicer
scrub,rest
scrub,teapot
scrub,spinner:salad
scrub,slicer
scrub,guard:hand
break,onion
break,meat
break,cheese
break,pasta
break,garlic
break,towel
break,egg
break,rice
break,chicken
break,leaf
break,butter
break,towel:kitchen
break,stock
break,broccoli
break,biscuit
break,salmon
break,fish
break,ginger
break,coriander
break,bean:green
break,chocolate
break,ice
pull,spoon
pull,pan
pull,lid
pull,bowl
pull,drawer
pull,cup
pull,cloth
pull,bag
pull,spatula
pull,container
pull,box
pull,dough
pull,package
pull,pot
pull,bread
pull,tray
pull,bin
pull,carrot
pull,tomato
pull,oven
pull,paper
pull,maker:coffee
pull,garlic
pull,towel
pull,coffee
pull,glove
pull,jug
pull,dishwasher
pull,mixture
pull,cucumber
pull,clothes
pull,scissors
pull,sausage
pull,peeler:potato
pull,microwave
pull,towel:kitchen
pull,wrap:plastic
pull,broccoli
pull,rack:drying
pull,foil
pull,shell:egg
pull,plug
pull,tuna
pull,chair
pull,wire
pull,beef
pull,label
pull,battery
pull,stand
pat,spoon
pat,knife
pat,lid
pat,sponge
pat,glass
pat,hand
pat,fridge
pat,fork
pat,bottle
pat,spatula
pat,dough
pat,water
pat,meat
pat,cheese
pat,bread
pat,food
pat,tray
pat,colander
pat,garlic
pat,egg
pat,rice
pat,tofu
pat,napkin
pat,grater
pat,ladle
pat,brush
pat,fish
pat,holder
pat,burger
pat,pork
pat,noodle
pat,omelette
lift,spoon
lift,plate
lift,pan
lift,lid
lift,bowl
lift,bottle
lift,bag
lift,spatula
lift,box
lift,hob
lift,dough
lift,cheese
lift,bread
lift,tray
lift,bin
lift,jar
lift,maker:coffee
lift,towel
lift,dishwasher
lift,mixture
lift,chopstick
lift,tofu
lift,blender
lift,cover
lift,rack:drying
lift,foil
lift,holder
lift,pin:rolling
lift,recipe
lift,omelette
lift,thermometer
lift,cake
lift,handle
hold,tap
hold,spoon
hold,plate
hold,knife
hold,pan
hold,lid
hold,bowl
hold,glass
hold,hand
hold,cup
hold,bottle
hold,bag
hold,box
hold,dough
hold,package
hold,meat
hold,oil
hold,cheese
hold,bread
hold,tray
hold,colander
hold,jar
hold,carrot
hold,tomato
hold,kettle
hold,oven
hold,paper
hold,towel
hold,egg
hold,chicken
hold,glove
hold,sink
hold,jug
hold,cucumber
hold,butter
hold,tofu
hold,blender
hold,juicer
hold,wrap
hold,cap
hold,pork
hold,tablet
hold,presser
hold,handle
eat,spoon
eat,hand
eat,meat
eat,potato
eat,cheese
eat,bread
eat,food
eat,pepper
eat,carrot
eat,pasta
eat,rubbish
eat,rice
eat,mushroom
eat,salad
eat,mixture
eat,cucumber
eat,courgette
eat,tofu
eat,olive
eat,sausage
eat,broccoli
eat,biscuit
eat,wrap
eat,squash
eat,curry
eat,corn
eat,soup
eat,nut
eat,cream
eat,pork
eat,liquid
eat,tuna
eat,tablet
eat,bean:green
eat,apple
eat,chocolate
eat,pea
eat,roll
eat,scotch:egg
eat,cherry
wrap,plate
wrap,knife
wrap,pan
wrap,lid
wrap,bowl
wrap,glass
wrap,hand
wrap,fork
wrap,onion
wrap,bag
wrap,container
wrap,box
wrap,dough
wrap,package
wrap,meat
wrap,pot
wrap,cheese
wrap,bread
wrap,food
wrap,tray
wrap,salt
wrap,colander
wrap,top
wrap,pasta
wrap,sauce
wrap,maker:coffee
wrap,towel
wrap,chicken
wrap,coffee
wrap,can
wrap,milk
wrap,salad
wrap,clothes
wrap,flour
wrap,butter
wrap,blender
wrap,sausage
wrap,yoghurt
wrap,wrap:plastic
wrap,squash
wrap,curry
wrap,foil
wrap,clip
wrap,processor:food
wrap,lime
wrap,omelette
wrap,sandwich
wrap,cake
wrap,toaster
wrap,apron
wrap,raisin
wrap,wire
filter,plate
filter,pan
filter,lid
filter,bowl
filter,glass
filter,cup
filter,board:chopping
filter,container
filter,package
filter,water
filter,pot
filter,potato
filter,oil
filter,cheese
filter,tray
filter,colander
filter,tomato
filter,pasta
filter,sauce
filter,maker:coffee
filter,rice
filter,mushroom
filter,can
filter,sink
filter,salad
filter,tofu
filter,vegetable
filter,grater
filter,broccoli
filter,rack:drying
filter,squash
filter,corn
filter,liquid
filter,choi:pak
filter,parsley
filter,coriander
filter,blueberry
look,spoon
look,cupboard
look,pan
look,drawer
look,sponge
look,hand
look,fridge
look,cup
look,bottle
look,bag
look,box
look,hob
look,dough
look,package
look,water
look,meat
look,bread
look,pepper
look,carrot
look,top
look,kettle
look,oven
look,sauce
look,paper
look,can
look,heat
look,salad
look,spice
look,alarm
look,burger
look,book
look,pork
look,recipe
look,kitchen
look,floor
look,phone
look,thermometer
look,label
look,cabbage
look,powder:washing
unroll,cloth
unroll,bag
unroll,dough
unroll,package
unroll,top
unroll,paper
unroll,towel
unroll,egg
unroll,glove
unroll,clothes
unroll,towel:kitchen
unroll,wrap:plastic
unroll,foil
unroll,omelette
sort,tap
sort,spoon
sort,plate
sort,cupboard
sort,pan
sort,bowl
sort,drawer
sort,glass
sort,fridge
sort,cup
sort,fork
sort,bottle
sort,onion
sort,board:chopping
sort,bag
sort,box
sort,dough
sort,meat
sort,pot
sort,bread
sort,food
sort,tray
sort,bin
sort,pepper
sort,jar
sort,carrot
sort,tomato
sort,kettle
sort,paper
sort,maker:coffee
sort,garlic
sort,towel
sort,egg
sort,cutlery
sort,coffee
sort,glove
sort,leaf
sort,jug
sort,mixture
sort,cucumber
sort,chopstick
sort,tofu
sort,mat
sort,cover
sort,pizza
sort,broccoli
sort,wrap
sort,leek
sort,shell:egg
sort,salami
sort,kitchen
sort,lime
sort,sandwich
sort,coriander
sort,avocado
sort,bean:green
sort,apple
sort,wire
sort,kiwi
hang,sponge
hang,hand
hang,cup
hang,cloth
hang,bag
hang,spatula
hang,pot
hang,towel
hang,glove
hang,clothes
hang,cover
sprinkle,onion
sprinkle,package
sprinkle,water
sprinkle,oil
sprinkle,cheese
sprinkle,pepper
sprinkle,salt
sprinkle,tomato
sprinkle,sauce
sprinkle,towel
sprinkle,leaf
sprinkle,chilli
sprinkle,flour
sprinkle,olive
sprinkle,cover
sprinkle,stock
sprinkle,corn
sprinkle,oregano
sprinkle,tuna
sprinkle,bacon
sprinkle,coriander
sprinkle,coconut
sprinkle,basil
sprinkle,rosemary
rip,sponge
rip,bag
rip,dough
rip,package
rip,meat
rip,skin
rip,paper
rip,towel:kitchen
rip,wrap:plastic
rip,broccoli
rip,foil
rip,pork
rip,banana
rip,bacon
spray,liquid:washing
spray,hob
spray,oil
spray,top
cook,pan
cook,bowl
cook,water
cook,meat
cook,oil
cook,bread
cook,food
cook,tomato
cook,kettle
cook,pasta
cook,oven
cook,egg
cook,rice
cook,chicken
cook,mixture
cook,sausage
cook,vegetable
cook,fish
cook,lettuce
cook,omelette
cook,bacon
cook,sprout
cook,ring:onion
add,pan
add,onion
add,liquid:washing
add,package
add,water
add,meat
add,potato
add,oil
add,cheese
add,pepper
add,salt
add,sauce
add,garlic
add,egg
add,chicken
add,jug
add,chilli
add,mixture
add,flour
add,olive
add,sausage
add,vegetable
add,yoghurt
add,alarm
add,spreads
add,corn
add,tea
add,nut
add,vinegar
add,oregano
add,banana
add,thyme
add,breadcrumb
roll,knife
roll,bowl
roll,bag
roll,dough
roll,package
roll,bread
roll,tray
roll,carrot
roll,egg
roll,chopstick
roll,wrap:plastic
roll,lemon
roll,wrap
roll,pin:rolling
roll,omelette
roll,cake
search,spoon
search,plate
search,cupboard
search,knife
search,bowl
search,drawer
search,hand
search,fridge
search,cup
search,bottle
search,onion
search,board:chopping
search,bag
search,container
search,box
search,hob
search,package
search,water
search,oil
search,salt
search,oven
search,garlic
search,towel
search,rice
search,mixture
search,cucumber
search,flour
search,scissors
search,spice
search,peeler:potato
search,cover
search,vegetable
search,ladle
search,yoghurt
search,scale
search,light
search,tea
search,book
search,shell:egg
search,coconut
search,paprika
search,kiwi
search,pestle
crush,pan
crush,bottle
crush,bag
crush,box
crush,package
crush,cheese
crush,pepper
crush,salt
crush,maker:coffee
crush,garlic
crush,coffee
crush,can
crush,leaf
crush,milk
crush,butter
crush,spice
crush,stock
crush,biscuit
crush,tablet
crush,avocado
stretch,lid
stretch,hand
stretch,bag
stretch,dough
stretch,cheese
stretch,towel
knead,bowl
knead,hand
knead,dough
knead,paste
divide,plate
divide,onion
divide,box
divide,hob
divide,dough
divide,meat
divide,potato
divide,bread
divide,carrot
divide,tomato
divide,maker:coffee
divide,garlic
divide,glove
divide,cucumber
divide,filter
divide,butter
divide,tofu
divide,blender
divide,pizza
divide,broccoli
divide,fish
divide,onion:spring
divide,choi:pak
divide,salami
set,hob
set,oven
set,heat
set,filter
set,microwave
set,scale
set,alarm
set,machine:washing
set,knob
set,tv
set,machine:sous:vide
set,power
feel,plate
feel,lid
feel,bowl
feel,fridge
feel,board:chopping
feel,hob
feel,dough
feel,water
feel,oil
feel,cheese
feel,bread
feel,tray
feel,jar
feel,towel
feel,heat
feel,tofu
feel,towel:kitchen
feel,broccoli
feel,thermometer
rub,knife
rub,pan
rub,lid
rub,sponge
rub,hand
rub,board:chopping
rub,spatula
rub,dough
rub,water
rub,oil
rub,salt
rub,sauce
rub,leaf
rub,flour
rub,towel:kitchen
rub,recipe
rub,choi:pak
rub,cooker:slow
rub,face
soak,spoon
soak,plate
soak,knife
soak,pan
soak,lid
soak,bowl
soak,sponge
soak,glass
soak,fork
soak,board:chopping
soak,bag
soak,spatula
soak,box
soak,cheese
soak,tray
soak,can
soak,peeler:potato
soak,grater
soak,cereal
soak,juicer
soak,utensil
soak,masher
brush,knife
brush,hand
brush,dough
brush,pot
brush,oil
brush,garlic
brush,rubbish
brush,rice
brush,sink
brush,flour
brush,cover
brush,brush
brush,floor
brush,presser
sharpen,tap
sharpen,knife
sharpen,whetstone
drop,spoon
drop,knife
drop,pan
drop,lid
drop,bowl
drop,sponge
drop,bottle
drop,onion
drop,board:chopping
drop,container
drop,dough
drop,water
drop,oil
drop,cheese
drop,bread
drop,colander
drop,jar
drop,carrot
drop,paper
drop,maker:coffee
drop,egg
drop,rubbish
drop,rice
drop,can
drop,milk
drop,clothes
drop,courgette
drop,napkin
drop,grater
drop,broccoli
drop,brush
drop,salmon
drop,leek
drop,shell:egg
drop,floor
drop,fishcakes
drop,roll
drop,guard:hand
drink,glass
drink,cup
drink,water
drink,milk
drink,squash
drink,beer
drink,gin
slide,plate
slide,knife
slide,pan
slide,drawer
slide,onion
slide,dough
slide,potato
slide,bread
slide,tray
slide,pepper
slide,tomato
slide,kettle
slide,skin
slide,paper
slide,garlic
slide,milk
slide,dishwasher
slide,cucumber
slide,chopstick
slide,nut
slide,omelette
slide,cake
water,sponge
water,mat:sushi
gather,spoon
gather,board:chopping
gather,liquid:washing
gather,meat
gather,potato
gather,food
gather,pepper
gather,tomato
gather,skin
gather,garlic
gather,egg
gather,rubbish
gather,mixture
gather,flour
gather,broccoli
gather,fish
gather,seed
gather,corn
gather,parsley
gather,cabbage
attach,knife
attach,bottle
attach,container
attach,hob
attach,food
attach,tray
attach,kettle
attach,maker:coffee
attach,can
attach,scissors
attach,blender
attach,cover
attach,juicer
attach,rack:drying
attach,clip
attach,holder
attach,cooker:slow
attach,plug
attach,teapot
attach,toaster
attach,wire
attach,breadstick
attach,machine:sous:vide
turn-down,hob
turn-down,oven
turn-down,heat
turn-down,machine:washing
turn-down,fan:extractor
turn-down,knob
coat,sponge
coat,hand
coat,box
coat,dough
coat,meat
coat,pot
coat,oil
coat,bread
coat,carrot
transition,bowl
transition,box
transition,top
transition,rice
transition,sink
transition,alarm
transition,kitchen
transition,floor
transition,chair
transition,ladder
wear,glove
wear,apron
measure,pan
measure,onion
measure,dough
measure,water
measure,salt
measure,pasta
measure,sauce
measure,rice
measure,heat
measure,chilli
measure,flour
measure,butter
measure,spice
measure,seed
measure,ginger
measure,nut
measure,powder
measure,paste
measure,wine
measure,coconut
measure,paprika
measure,thyme
measure,breadcrumb
increase,tap
increase,hob
increase,water
increase,oven
increase,heat
unscrew,knife
unscrew,lid
unscrew,bottle
unscrew,jar
unscrew,sauce
unscrew,maker:coffee
unscrew,filter
unscrew,spreads
unscrew,cap
wait,pan
wait,onion
wait,water
wait,oil
wait,kettle
wait,oven
wait,rice
wait,coffee
wait,sausage
wait,cover
wait,microwave
wait,stock
lower,pan
lower,lid
lower,bottle
lower,hob
lower,heat
lower,handle
form,bowl
form,dough
form,mixture
form,wrap:plastic
form,juicer
form,burger
smell,hand
smell,cup
smell,bottle
smell,box
smell,dough
smell,water
smell,oil
smell,bread
smell,sauce
smell,towel
smell,glove
smell,leaf
smell,mixture
smell,yoghurt
smell,cereal
smell,tea
smell,cream
smell,noodle
smell,hummus
smell,candle
smell,face
use,tap
use,spoon
use,knife
use,sponge
use,cloth
use,liquid:washing
use,towel
use,chopstick
use,phone
use,cocktail
grate,cheese
grate,pepper
grate,carrot
grate,pasta
grate,lemon
grate,ginger
screw,lid
screw,bowl
screw,bottle
screw,cloth
screw,bag
screw,package
screw,pot
screw,maker:coffee
screw,clothes
screw,cap
let-go,spoon
let-go,pan
let-go,sponge
let-go,spatula
let-go,dough
let-go,pot
let-go,paper
let-go,pin:rolling
let-go,handle
finish,fridge
finish,food
finish,maker:coffee
finish,salad
finish,chilli
finish,onion:spring
finish,processor:food
finish,toaster
finish,tv
stab,hand
stab,meat
stab,potato
stab,bread
stab,egg
stab,sink
stab,wrap:plastic
stab,cake
serve,plate
serve,pan
serve,food
serve,pasta
serve,rice
serve,coffee
serve,milk
serve,biscuit
serve,curry
serve,soup
uncover,lid
uncover,bowl
uncover,pot
uncover,cooker:slow
unwrap,bowl
unwrap,onion
unwrap,salad
unwrap,dishwasher
unwrap,towel:kitchen
unwrap,vegetable
unwrap,stock
unwrap,yoghurt
unwrap,wrap:plastic
unwrap,lime
unwrap,stick:crab
choose,onion
choose,pepper
choose,oven
choose,garlic
choose,egg
choose,can
choose,leaf
choose,heat
choose,mat
choose,machine:washing
choose,avocado
choose,pear
choose,power
lock,lid
lock,bowl
lock,container
lock,filter
lock,cover
lock,processor:food
flatten,bottle
flatten,spatula
flatten,container
flatten,box
flatten,dough
flatten,top
flatten,paper
flatten,mixture
switch,spoon
switch,cupboard
switch,bag
switch,dough
switch,pot
switch,top
carry,bowl
carry,glass
carry,bag
carry,oil
carry,food
carry,milk
carry,jug
carry,clothes
season,food
season,pasta
season,rubbish
season,chicken
season,tea
season,tuna
season,avocado
unlock,blender
unlock,cover
unlock,juicer
unlock,processor:food
prepare,box
prepare,tomato
prepare,coffee
prepare,foil
bake,potato
bake,tray
mark,dough
mark,tray
bend,book
unfreeze,water
unfreeze,corn
